ACOSTA ARAUJO YOHANDERLIS ALEJANDRA,4/25/2011,"24,898,588",4,Femenino,CATIA,T. DEL LENGUAJE,GERALDINE ARAUJO  ,0412-6052445/0212-8731711
ACOSTA BELLO VICTOR ANDRES,9/23/1994,"6,281,759",21,Masculino,PARAISO,T SOCIALIZACIÓN,MARIA BELO Y VICTOR ACOSTA,0414-1282641/0212-4520713
ACUÑA RIVERO LUGWIG MASHERI,11/26/2009,"17,775,825",7,Masculino,SAN MARTIN,EN ESTUDIO,YULEIMA ACUÑA,0212-4822512/0412-7243713
ACUÑA ROJAS EMERSON JESUS,1/20/2011,"13,312,858",4,Masculino,MAGALLANES,TEA,KLEIDY ROJAS Y EMERSON ACUÑA,0426-5147659/0426-6053367/0212-8727020
ADRIAL DEL TORO CARLOS JESUS,12/17/2007,"11,992,878",4,Masculino,OCUMARE DEL TUY,T.E.A. MODERADO,MICHELL DEL TORO Y CARLOS ADRIAL,0426-3136430/ 0416-8398849 0239 231 1827
AGUILAR CARDOBA AISKEL MAYGRELIS,5/14/2006,"10,787,514",9,Femenino,SAN MARTIN,T.E.A.,MILDRED CORDOBA Y JOSE GREGORIO AGUILAR,0414 1285808/ 04241088268
AGUILERA HERNANDEZ DERECK DE JESUS,1/6/2011,"19,852,061",2,Masculino,Caracas,AUTISMO MODERADO,ROSMARY HERNANDEZ  CRISTIAN AGUILERA,0426-4044233/0426-3077888
AGUILERA MARIN ADOLFO JOSE,11/19/2006,"11,435,142",7,Masculino,CARUPANO,TEA LEVE A MODERADO,PETRA MARIN Y JORGE AGUILERA,04162148567 02126366159 04169105023
ALBORNOZ LILIAN,7/29/1960,"6,009,150",55,Femenino,LA CANDELARIA,S. ASPERGER,,02125726962 0414 1390622
ALCALA ECHARRY EDUARDO JOSE,3/4/2006,"14,363,436",7,Masculino,JUNQUITO,T.E.A. LEVE DE BUEN NIVEL DE FUNCIONAM,LISETH ECHARRY Y EDUARDO ALCALA,04269207990/02128331277/04241573188
ALCALA TROMPETERO MIGUEL ANGEL,12/5/2009,"15,821,468",6,Masculino,CARICUAO,S. AUTISTA LEVE,ZULY  TROMPETERO Y JOSE ALCALA,0426 2686899/02124315970/04167347392
ALMEIDA CASTRO ENMA YANET,9/18/1965,"6,843,797",50,Femenino,LOS TEQUES,,,0426 9073521
ALVAREZ DAVILA ANDRUS ALBERTO,6/20/2007,"23,746,634",6,Masculino,Caracas,T.E.A. MODERADO,JOSBELY DAVILA Y CARLOS ALVAREZ,0412-7207779/0414-2124249
AMADO GONZALEZ JESUS ADRIAN,11/5/2008,"21,468,568",4,Masculino,Caracas,T. E.A. LEVE,ROSA GONZALEZ Y JESUS AMADO,0426-7887587/0414-3225991/0212-7535464
AÑEZ MARQUEZ LOMBARDO ELEAZAR,9/1/2007,"6,810,858",8,Masculino,LA BOYERA,T SENSORIAL /ASPERGER ??,ANACRISTINA MARQUEZ Y LOMBARDO AÑE,0424-2249243/ 0212-2564334
ARCILA OYANEDEL OCTAVIO CESAR,9/15/2005,"20,490,124",7,Masculino,Caracas,T. DESARROLLO,ALEJANDRA OYANEDEL,0414-2198241/0424-1257321 ARON MURO PAREJA
AREVALO ARENCIVIA ANGEL MISAEL,10/23/2009,"15,378,913",5,Masculino,LA VEGA,TEA,ANELIS ARENCIVIA Y ANGEL AREVALO,0286-9801030/ 0414-8579348
AREVALO ROMERO LIAM,11/16/2009,"11,173,676",2,Masculino,Pto. Ordaz,T. E.A. LEVE,YULEIDA ROMERO Y ANGEL AREVALO,0212-4431938/ 0414-0312427
ARRIECHI MORENO JHON,2/1/2011,"18,184,019",6,Femenino,AV SAN MARTIN,,,0212-4437316ABUELA MARIA ANTONIA
ARVELO PEREZ LUIS ABRAHAM,7/14/2009,"15,604,672",3,Masculino,Caracas,T. E.A. LEVE,ANNY PEREZ,0426-2063890/0426-7042307
BARAZARTE ORTEGA DANIEL ELIECER,4/19/1996,"6,314,306",20,Masculino,OCUMARE DEL TUY,ASPERGER,MARIA EUGENIA ORTEGA Y LUIS BARAZARTE,0412-7301180/0426-8212674
BARRETO CASTILLO JOSE GABRIEL,7/22/1999,"13,275,621",14,Masculino,SUCRE,TEA MODERADO A SEVERO,YUSMELY BARRETO Y GIOVANNY SILGADO,0424-1378417/0212-8921993/02123455009
BARRIOS VEGA JUANDIEGO DALBANI,12/1/2011,"12,478,749",3,Masculino,COTA 905,TEA,ALBA VEGA Y DANIEL BARRIOS,0416-2139329/0416-7180415
BASTIDAS GONZALEZ ISAAC DAVID,4/10/2007,"11,676,959",5,Masculino,Caracas,AUTISMO LEVE.   ASPERGER?,IVETTE GONZALEZ Y ORLANDO BASTIDAS,0212-3125132/0412-3399402
BASTIDAS MORA KELIMAR YAIDELIN,10/21/2004,"12,127,527",13,Femenino,SAN JUAN,T.E.A.,ROSMARY MORA Y FRANKLIN BASTIDAS,0416 604 2776/0212 5372879
BELLO GRATEROL MICHAEL ALEXANDER,9/7/2007,"15,725,335",9,Masculino,Caracas,TEA LEVE,KATERINE GRATEROL,0424-1147194/0426-6119585/0212-4335659
BENCOMO LAYA ANTONELLA,12/8/2011,"14,853,731",4,Femenino,LA CANDELARIA,TGD/RASGOS DE AUTISMO,CLAUDIA LAYA,0212-4439828/0426-4547895
BETANCOURT VELASCO DAIRERLIS CAROLINA,11/13/2006,"17,079,886",8,Femenino,Caracas,TEA,JEANMNETTE VELASCO Y DARUIN BETANCOURT0212-4215726,0212-4310348/0426-7874397
BLANCO ALDANA BRANDON ALEJANDRO,4/25/2006,"6,062,876",8,Masculino,Caracas,TEA LEVE POSIBLE ASPERGER,YURAIMA DELGADO Y CARLOS OROPEZA(ABUELOS CUIDADORES,0424-2034244/0212-3685542/0212-8703305
BLANCO DOMIGUEZ MIGUERLIN CAROLINA13/05/2005,5/13/2005,"6,500,881",12,Femenino,PETARE,T.E.A.,LISBIA DOMINGUEZ,0416-6330731/0416-6155114
BOLIVAR GUILLEN ESTEFANI ANDREINA,5/18/1998,"10,273,481",17,Femenino,RUIZ PINEDA,S. ASPERGER,ZULEY GUILLEN Y DAVID BOLIVAR,0416-9343025/0416-3063100
BOSCAN ARELLANO STEFANY FRANCISBETH,8/20/2002,"16,342,575",11,Femenino,ZULIA,S. ASPERGER,AYNE ARELLANO Y FRANK BOSCAN,0412-3763296/0412-5746192/0212-8338626OF
BOTTINI MORGADO ZURIMA ALESSANDRA,11/30/2001,"7,294,947",14,Femenino,TERRAZAS D AVILA,TEA,ZURIMA MORGADO,0212-4177692/0212-6182353
BRACHO SANTIAGO RICHARD JOSE,11/3/2010,"13,382,726",7,Masculino,SAN MARTIN,,DELIA SANTIAGO Y HENRY BRACHO,0414 263 6899/0212 4717132
BRAVO FUENTES KERLIN VALESKA,1/18/2005,"13,871,478",10,Femenino,PARACOTO,TEA,KARLA FUENTES Y MOISES BRAVO,0424-2724615
BURGOS CARRASQUEL ONAHILY VICTORIA,5/31/2010,"11,566,040",6,Femenino,VALLES DEL TUY,S. ASPERGER,NATHALY CARRASQUEL Y OMAR BURGOS,0212-4624098/0424-1831423/0412-7008119
CABEZA PLAZOLA CHRISTIAM DAVID,9/18/2009,"13,086,387",6,Masculino,LA VEGA,TEA LEVE BNF,MILEIDY PLAZOLA Y ALQUIMEDEZ CABEZA,0412-9249285/0414-2861499
CALDERA CAICEDO DREIBER ALEJANDRO,1/12/2010,"13,688,716",6,Masculino,AV SAN MARTIN,EN ESTUDIO,ISMENIA CAICEDO Y FREDDY CALDERA,0424-2312176/0414-2712008
CALDERIN SEBASTIAN FERNANDO,12/15/2007,"16,224,125",9,Masculino,SAN MARTIN,ASPERGER,MARIA TERESA CALDERIN,0212-4624098/04241831423/04127008119/04241818119
CALDERON MARIMON ANGEL CHAIN,9/15/2010,"17,443,623",6,Masculino,LA VEGA,,KATERINE CALDERON,0412-9054970/0416-4295094
CAMACHO PALMA CHRISTIAM ANTONIO,10/28/2006,"29,802,917",8,Masculino,MIRANDA,TEA DE MODERADO A SEVERO,MARIA PALMA Y YIRWUI CAMACHO,0412 9249285/04142861499/
CANELON COLINA YEFERSON JESUS,4/5/2007,"12,508,675",6,Masculino,Caracas,T.E. AUTISTA,MARIA COLINA Y EFRAIN CANELON,0414-3162384/0212-4270422/4617458
CAÑIZALEZ CARRILLO ANDRES ALEJANDRO,8/23/2009,"17,425,720",7,Masculino,catia,,VALENTINA CARRILLO (MADRE) ANGELO CAÑIZALEZP(PADRE), 0238-3343002/0416-6113172
CARDENAS APONTE AARON DAVID,4/21/2003,"16,332,083",11,Masculino,Caracas,TEA,ALEJANDRA APONTE Y CRISTHIAN OMAÑA,0416-6113172/ 0212-4518154
CARVAJAL BARRERA JOSEPH ,12/17/2008,"14,363,541",3,Masculino,Caracas,T. DESARROLLO,JEANETH BARRERA, 024474092 04164143717
CASAS PALMAR RONNI JAVIER,10/30/2006,"17,565,710",8,Masculino,AV SAN MARTIN,TEA,LISBETH PALMAR Y RONY CASAS,0416-8366008
CAVEL GONZALEZ DANIEL ALEJANDRO,9/19/2009,"83,746,631",2,Masculino,GUARICO,DESCARTADO AUTISMO (DE ALTA),FERNANDO CAVEL Y EUMARY GONZALEZ,0416-3092195/0212-3454022/0212-6335949
CAVEL LAYA KENNY SEBASTIAN,5/24/2003,"83,746,631",8,Masculino,Caracas,DEFIC DE LA ATENCION E HIPERACTIVIDAD,FERNANDO CAVEL Y SRA MIRANDA ABUELA,0416-5317321/0212-4763716/0416-5221314
CAVEL VELIZ JUAN JOSE,1/8/2008,"24,749,878",4,Masculino,Caracas,T.E.A. MODERADO A SEVERO,MARIA MIRANDA (ABUELA),0414-3309098/ 0412-9248777
CENTENO GARCIA BRAYAM MICHAEL,7/20/2005,"3,722,783",11,Masculino,LOS TEQUES,TGD,MYRIAM VASQUEZ,0412-5824128
CERDEÑO MARTINEZ MANUEL ALEJANDRO,8/23/1996,"6,909,740",19,Masculino,LA PASTORA,TEA,HILNORA MARTINEZ,0212-8860216/0424-1512096/0416-7012941
CLEMENTE FREITES FREDERICK,3/19/2009,"13,246,104",5,Masculino,Caracas,AUTISMO DE MODERADO A SEVERO,ANA JULIA FREITES Y JOSE LUIS CLEMENTE,0424-1173319/0212-5823847
COA GARCES SINAI NASARETH,1/4/2011,"17,802,065",6,Masculino,CHARALLAVE,,KEILA GARCES EDUARDO COA,0416 811 4972 02392499507
COLMENARES EREU EMELY EDERLIN,7/20/2006,"11,994,629",6,Femenino,Caracas,HIPERACTIVIDAD,MONICA EREU Y EDWARD COLMENARES,0212-5838360/0416-9376120
COLLANTES SILVA EDGARDO JESUS,4/30/2003,"17,058,943",10,Masculino,Caracas,T. E.A. LEVE A MODERADO,ANNERYS SILVA Y WUILIAM CAMERO,0212-5520997/0426-1171434/0412-2042290
CONTRERAS LOPEZ GISEL,5/9/2009,"83,964,103",3,Femenino,Caracas,T.E.A. MODERADO A SEVERO,IDALID LOPEZ,0416-7057665/0414-3201068
CORPAS ANGULO ABRAHAM ENRIQUE,1/23/2009,"10,383,932",5,Masculino,Caracas,TEA LEVE EN OBSERVACION,LICXOBER ANGULO Y LUIS CORPAS,0416-7057665/0414-3201068
CORRALES QUINTERO ALISSON RASEC,7/4/2009,"17,559,842",8,Femenino,SAN MARTIN,,PATRICIA QUINTERO ,0424 125 0259/ 04120136523
CUBIRO MORALES DARY CAR DEL CARMEN,8/13/1987,"22,019,418",27,Femenino,Caracas,S. ASPERGER,CARMELINDA MORALES,0412-3627747/0412-2197747
CHACON ACOSTA YERBELYS NICOL,3/8/2012,"19,226,194",5,Femenino,SAN MARTIN,,NANCY DIAZ Y CARLOS CHACON,0212-4616041/0426-7068637/0414-2625948
CHACON ORTIZ VALERIA ISABELA,9/10/2004,"9,511,777",7,Femenino,Caracas,T. E.A. LEVE,AMARILIS ORTIZ Y ANGEL CHACON,0424-2654283/ 0212-8847628
CHAMORRO GAZZOTTI GETSEMANI NASARET,9/24/2010,"17,270,184",5,Femenino,EL SILENCIO,T CONDUCTUAL,ALEXANDRA GAZZOTTI Y EDGAR CHAMORRO,0212-4317135/ 0426-4179806
CHAMORRO GAZZOTTI URIEL ISAAC,7/24/2009,"17,270,184",6,Masculino,EL SILENCIO,TDAH,ALEXANDRA GAZZOTTI Y EDGAR CHAMORRO,0414-1609255/0412-7117066
CHAMORRO OLIVA HENRY ALEXANDER,8/7/2007,"20,301,156",8,Masculino,CATIA,S ASPERGER,GENESIS OLIVA Y HENRY CHAMORRO,0424-1956360/0212-5771306
CHIRINOS GOMEZ VALERIA SOFIA,8/22/2006,"16,720,263",6,Femenino,Caracas,ASPERGER,HENDY GOMEZ Y RAFAEL CHIRINOS,0426-9177768
DAVILA RIVERA JOSMEL,6/24/2009,"10,155,784",3,Masculino,Caracas,T. E.A. LEVE,BELKIS RIVERA,0412-3621880/0212-3832501
DE MEZA MARCUCCI SEBASTIAN AUGUSTO,3/11/2003,"11,199,779",9,Masculino,Caracas,T. ESPECTRO AUTISTA,IVETTE MARCUCCI,0212-4518573
DE SANTIAGO CAMCHO ALBERT LENIN,1/30/2010,"19,739,777",6,Masculino,LA VEGA,TEA LEVE,GENESIS CAMACHO Y EFREN GARCIA,0426-9143680/0212-9107809
DELDUCA VILLA ALEJANDRO EMILIO,3/28/2007,"15,164,337",7,Masculino,Caracas,S. ASPERGER,MERCEDES VILLA Y EMILIO DELDUCA,0212-6328751/ 0416-8323216
DIAZ DOMINGUEZ ANGEL JESUS,8/12/2007,"13,124,114",5,Masculino,Caracas,T. E.A. LEVE,YOLI DOMINGUEZ,0424-1120827/0414-1867407/0416-2028444
DIAZ PEREZ YORT ANTHONY,2/22/2003,"14,850,018",12,Masculino,CARRIZALES,ACOSO ESCOLAR,LUZ PEREZ Y RAFAEL DIAZ,0416 8308182 / 0212 4323791
DIAZ SALAZAR VICTORIA,5/14/2008,"6,157,430",4,Femenino,Caracas,OBSERVACION,KELICA SALAZAR Y ALBERTO DIAZ,0212-4165722/0424-1606082/0424-1826363
DIAZ TORRENEGRA FABIOLA ALEXANDRA,1/18/2006,"4,674,604",7,Femenino,Caracas,T. E.A. LEVE,FRANKLIN DIAZ ABUELA MATILDE Y ABUELO RAUL,0212-6382891/ 0412-5674705
DOS SANTOS ALAVARADO LEONARDO,8/6/2010,"11,936,046",6,Masculino,MONTALBAN,,LEONARDO DOS SANTOS  (PADRE) MARELYZ BAPTISTA (MADRE),0414-1802049/0426-7140185
DUARTE MARIN LUCAS,1/26/2007,"13,753,017",5,Masculino,Caracas,T. ESPECTRO AUTISTA,YETZIRA DUARTE,0212-4291977/0414-3216261
DUARTE ROJAS KARLA NASARETH,5/24/2004,"6,801,211",8,Femenino,Caracas,T. ESPECTRO AUTISTA,CARLOS DUARTE,0424-1645911/0212-4316424
DUGARTE FIGUERA JAVIER FERNANDO,4/21/1998,"10,217,525",18,Masculino,CARICUAO,,RITA FIGUERA (MADRE) ROBERT Dugarte ( Padre),0416 8308182/02124323791
ESCALONA ESCALONA MIGUEL ARCANGEL,2/10/2007,"12,261,295",7,Masculino,Caracas,T. E.A. LEVE,MAIGUALIDA ESCALONA Y JUAN ESCALONA,0414-8637570/0416-1220269/0212-6403807
ESCALONA ESPINOZA SAMUEL ALEXANDER,12/15/2007,"20,374,413",4,Masculino,SUCRE,T. E.A. LEVE,JENIFER ESPINOZA,0212-5772843/0424-1990242/0212-2432991
ESPAÑA MARCANO AARON REINALDO,6/13/2000,"9,410,142",15,Masculino,CARRIZAL,ASPERGER,ROSA ESPAÑA,0426-3100194/ 0212-3147781
FARRERA ZAPATA MISAEL ANDRES,8/22/2006,"8,420,722",7,Masculino,Caracas,ASPERGER,CARMEN ZAPATA Y MISAEL FARRERA,0212-2752805/0426-3070390
FAZIO MOLINA EROS MICHELANGELO,1/22/1995,"24,215,145",21,Masculino,CARICUAO,S. ASPERGER,YULI MOLINA,0212-8993877/0416-2098420/0426-8055551
FERNANDEZ FUENTES ROSANNY MARIA,8/15/2003,"8,443,867",12,Femenino,MARGARITA,TEA,MARY FERNANDEZ,0416 932 21 19/ 0416 602 05 70
FERNANDEZ TORRES SERGIO MANUEL,11/2/2010,"14,390,301",6,Masculino,AV VICTORIA,T.E.A.,SAMARI TORRES Y SERGIO FERNANDEZ,0416-9000215/0412-2682124 DELYMAR
FERNANDEZ TURIZO ALEJANDRO DE JESUS,6/17/2009,"84,287,174",5,Masculino,Caracas,TEA LEVE,LUCÍA TURIZO Y VICTOR FERNANDEZ,0212-4252560/0412-7394490/0212-7630429
FERREIRA VILLANUEVA DIEGO ANDRES,6/20/2006,"15,447,082",6,Masculino,Caracas,ASPERGER,MAITHE VILLANUEVA Y GABRIEL FERREIRA,0212-7413983/0426-9086965/0212-4843898
FIGUEROA MAYORA MICHELL SABRINA,10/26/2008,"16,474,129",4,Femenino,Caracas,T.E.A. LEVE,GLEIDYS MAYORA,0414-2204426/0412-0270358/0212-8388290
FLORES BRACAMONTE BRIAM JESUS,9/26/2006,"17,079,990",6,Masculino,Caracas,S. AUTISTA LEVE,ROSMARY BRACAMONTE Y FRANKLIN FLOREZ,0212-3217194/0414-2925756/0424-1041840
FLORES SANCHEZ SANTIAGO ELIAS,6/21/2009,"16,021,053",3,Masculino,Caracas,T.E.A. MODERADO,LILIANA SANCHEZ (0426-7162937),0239-2486095/0426-1198194
FLORES SIERRA JORIANGELY NASARETH,6/14/2011,"19,019,645",3,Femenino,CAUCAGUA,TEA MODERADO A SEVERO,JOSE FLORES Y ABUELA JUSTINA OSIO,0212-4627127/04166377783
GAMBOA REYES DANIEL ALEJANDRO,5/30/2003,"6,899,144",10,Masculino,Caracas,A LEVE CON BUEN NIVEL DE FUNC,LISBETH REYES,0212-3318650/0414-2330485
GARCIA ARDILA CRISTIAN ANDRES,3/19/2009,"83,034,605",8,Masculino,LA VEGA,T.E.A. MODERADO,MELISA ARDILA Y ALDEMAR GARCIA,0426 5163096/0212 4718265
GARCIA CAMACHO JAYBERT NIOMAR,10/27/2005,"14,286,484",6,Masculino,Caracas,T. E.A. LEVE,YURDELI CAMACHO Y ABUELA MARLENE,0414-1245454/0426-2119704
GARCIA CRESPO SANTIAGO ALFONSO,11/15/2013,"24,884,471",3,Masculino,23 DE ENERO,T.E.A. MODERADO,YESMI CRESPO,0412 203 49 76/ 0212 6429346
GARCIA HERNANDEZ NATHALY DE JESUS,1/4/2011,"13,534,364",2,Femenino,Caracas,T.E.A MODERADO A SEVERO,JASMIN HERNANDEZ Y NESTOR GARCIA,0416-8249477/0426-6088626
GARIZABALO RUBIO MIGUEL ALEJANDRO,7/17/2004,"17,855,143",8,Masculino,MIRANDA,T.E.A. MODERADO A SEVERO,MAYERLIN RUBIO Y BENJAMIN GARIZABALO,0426-7046070/0239-5119043
GAVIDIA GONZALEZ EYERLING NASARET,1/6/2013,"14,609,785",3,Femenino,CHARALLAVE,TEA BUEN NIVEL DE FUNCIONAMIENTO,PENELOPE GONZALEZ,0212-4328003/0416-7027786/04143271431
GELVEZ MAZA JOSE ANGEL,4/6/2009,"6,440,640",3,Masculino,MIRANDA,T.E.A. LEVE... ASPERGER?,THAIMY MAZA,0414-1127705/0212-3696335/0424-2169239
GILMORE CASTILLO JERRY,11/14/1978,"14,312,118",37,Masculino,VARGAS,S. ASPERGER,LUISA CASTILLO,0212-2329646/0416-2253780/0412-2051856
GOMEZ ROGER Y PEÑA ROLENA,9/6/1987,"18,323,096",28,Masculino,STA LUCIA DEL TUY,ASPERGER,PAREJA ASPERGER,0426-2610225
GONZALEZ ALVAREZ EDUARDO JOSE,4/4/2008,"11,062,688",8,Masculino,LA GUAIRA,ASPERGER,YARITZA ALVAREZ Y CARLOS GONZALEZ,0212-8725527/0416-4245591
GONZALEZ DIAZ LUIS STEVEN,1/30/2009,"16,937,206",8,Masculino,OCUMARE DEL TUY,S. ASPERGER,ELIS DIAZ Y LUIS GONZALEZ,0426 7046070/02395119043
GONZALEZ DIAZ MAURICIO,11/29/1999,"11,203,834",12,Masculino,Caracas,T.E.A LEVE A MODERADO,KATIUSCA DIAZ Y ASDRUBAL GONZALEZ,0426-1156064/0426-8190213
GONZALEZ MARTINEZ AMANDA SOFIA,8/20/2009,"11,017,494",6,Femenino,GUARENAS,EN ESTUDIO,NURIBEL MARTINEZ Y RONALD GONZALEZ,0412-8143275/0212-8981193/0212-6063410
GONZALEZ TORRES NEUMAR RAMIRO,4/23/2009,"12,961,964",5,Masculino,Caracas,TEA LEVE,BELKYS TORRES Y NEUMAR GONZÁLEZ,0424-2582361/0424-2580789
GRANADO HERNANDEZ RAMSES ISAIAS,6/12/2009,"12,912,504",6,Masculino,LA PASTORA,T. CONDUCTUAL,CARMEN HERNANDEZ,0414-2350578/0424-2494775
GRATEROL ALBURRÚA IRWIN ABRAHAM,9/7/2004,"16,600,675",10,Masculino,Caracas,HIPERACTIVIDAD,EVIN GRATEROL ALBURRÚA,0426-9073521
GRATEROL MARTILLO RODRIGO ALEJANDRO,11/5/2011,"23,224,819",5,Masculino,PROPATRIA,T.E.A. MODERADO,CRUZ MARTILLO Y ARGENIS GRATEROL,0424 104 4044 
GREEN AGUILAR JOSEPMITTE LISMAR,8/24/2005,"17,718,307",8,Femenino,Caracas,S. DE ASPERGER,YOLIMAR AGUILAR Y LUIS GREEN,0426-9073521
GUANIPA SEQUEDA OMAR EDUARDO,5/15/2007,"12,248,042",7,Masculino,Caracas,HIPERACTIVIDAD/TEA EN OBSERVACION,OMAR GUANIPA Y CAROLINA SEQUEDA,0239 2317310/0414 901 44 42
GUARAMATO MENDEZ ANDREA VALENTINA,8/9/2006,"9,844,103",10,Femenino,VALLE DEL TUY,,MARLENE MENDEZ / HECTOR GUARAMATO,0424-9476146/0239-2240411
GUERRA GIL EDRODER,1/28/2000,"11,923,086",13,Masculino,Caracas,INVIDENTE- SINDROME AUTISTA,JACQUELINE GIL Y ROBIN GUERRA,0239-2489469/0416-4299287/0426-4025851
GUERRERO CAMACHO LEONEL ALEJANDRO,12/12/2008,"13,952,704",7,Masculino,CHARALLAVE,TEA,MARYORY CAMACHO Y JOSE GUERRERO,0212-4340836/ 0414-2832904
GUEVARA ALONZO ROY RAIMI,11/28/2003,"22,749,875",11,Masculino,CARICUAO,ASPERGER EN OBSERVACIÓN,ROSA ALONZO Y WALTER GUEVARA,0212-4333437/0412-8236337/0412-5885297
HERNANDEZ ALMEIDA CHRISTIAM GABRIEL,3/3/1997,"6,843,797",18,Masculino,LOS TEQUES,S. ASPERGER,ENMA ALMEIDA,0426 9073521
HERNANDEZ ALMEIDA RAMSES ISRAEL,4/1/2003,"6,843,797",12,Masculino,LOS TEQUES,,ENMA ALMEIDA,0426 9073521
HERNANDEZ MARTINEZ LUDXANDER JOSE,7/25/2008,"17,474,071",8,Masculino,OCUMARE DEL TUY,ASPERGER EN OBSERVACIÓN,LOIRE MARTINEZ Y ALEXANDER HERNANDEZ,0416-4290616/ 0412-9767035
HERNANDEZ ZÁRRAGA GREGORY JOSE,4/4/1989,"19,999,661",27,Masculino,Caracas,T.E.A. LEVE,CÁNDIDA ZÁRRAGA Y JOSE HERNANDEZ,0212-8608336/0416-3103516/04167208722
HERRERA ARTEAGA KEVIN JESUS,7/12/2003,"15,150,907",9,Masculino,Caracas,T.E.A LEVE,ZULY ARTEAGA Y DAVID HERRERA,0212-3125132/0412-3399402
HIDALGO MENDEZ ADRIAN,11/22/2009,"14,142,608",2,Masculino,Caracas,T.E.A LEVE,EVELYN MENDEZ Y JUAN HIDALGO,0212-8625384/ 0416-7167793
HURTADO RIVAS EFRAIN,11/23/2007,"17,401,509",4,Masculino,Caracas,T. E.A. LEVE,MERLY RIVAS,0212-442-4718/0212-9106289/0426-2159285
JIMENEZ ESTRADA YEHOSHUA DANIEL,7/2/2008,"13,694,960",4,Masculino,Caracas,T.E.A. MODERADO,MARTHA ESTRADA Y MARIO JIMENEZ,0412-3534022/0412-3533967
JIMENEZ MEDINA SAMUEL ANDRÉS ,11/3/2005,"24,774,054",7,Masculino,Caracas,S. AUTISTA LEVE,DAYSE MEDINA Y WLADIMIR JIMENEZ,0416-7294833/0212-9781534
LAYA CLAUDIA,11/3/2005,"14,853,731",35,Femenino,LA CANDELARIA,ASPERGER,ANTONIO LAYA,0412-6037541/0212-8611421
LINERO PAREDES ALAN TEICHI,4/7/1990,"5,074,582",22,Masculino,Caracas,AUTISMO LEVE,NIDIA PAREDES,0212-8731711/0412-6052945/0212-5149225
LIZARRA MENDOZA SEBASTIAN ALEJANDRO,10/30/2009,"17,961,330",4,Masculino,Caracas,AUTISMO MODERADO B N F,NAYRA MENDOZA Y CLAUDIO IZARRA,0414-2665797/0424-1085018/0212-8602207
LOYO SANABRIA LUIS KEIBER,5/16/2000,"2,173,574",13,Masculino,Caracas,T.E.A SEVERO Y R M MODERADO,ABUELA BLANCA RODRIGUEZ,0239-2481731/0414-1118761/04262162828
LUGO LIRA RAMSES ALEJANDRO,7/14/2009,"16,134,450",4,Masculino,Caracas,AUTISMO MODERADO,MARIELVY LIRA Y RANDOLPH LUGO,0424-1463751/0424-2143726/0414-3385639
LUNA RAMIREZ GREGORY JESUS,11/28/2008,"12,831,773",7,Masculino,MARGARITA,TEA LEVE,ODITZA RAMIREZ Y LUIS LUNA,0424-1463751/0424-2143726/0414-3385639
LLAVANERAS ELIECER,6/12/1953,"4,432,171",61,Masculino,Caracas,ASPERGER,,0424-1917802/0414-3727144
MACHIN LEX,6/6/1974,"12,471,917",41,Masculino,SAN AGUSTIN,ASPERGER,JOSE MACHIN Y ELENA AYACSA,0212-8581560/0426-3884301
MADRID ARAUJO GILKERT ALEXANDER,2/7/2009,"24,898,588",4,Masculino,Caracas,A. LEVE BNF POSIBLE ASPERGER,GERALDINE ARAUJO Y KILVERT MADRID,0212-8720406/ 0414-3073268
MADRID VALDEZ LUIS SERGIO,4/10/2001,"6,190,360",11,Masculino,Caracas,ASPERGER,ESTHER VALDEZ,0414-9208410/ 0414-3519445
MALDONADO TOVAR AFTER ZIDANE,8/2/2006,"6,305,120",6,Masculino,Caracas,AUTISMO SEVERO,YUSMELY TOVARY ENRIQUE MALDONADO,0424-4079078/0212-6380880
MALDONADO TOVAR ALFRED ZINEDINE,8/2/2006,"6,305,120",7,Masculino,Caracas,T.E.A,YUSMELY TOVAR Y ENRIQUE MALDONADO,0424-1332925/0212-4183581
MARAPACUTO CUMANA ABISH SARAI,8/8/2012,"17,539,605",2,Femenino,Caracas,TEA LEVE,DAYANNA CUMANA Y WUILFREDO MARAPACUTO,0412-7099668/0212-5149786
MARCANO LANDAEZ RENE ALFONSO,6/11/2003,"15,759,444",12,Masculino,23 D ENERO,TEA,JENNY LANDAEZ,0412-0287665/0414-2879663
MARIN MENDEZ ADRIAN JOSE,11/4/2008,"14,142,645",3,Masculino,Caracas,T.E.A. SEVERO,YUNIA MENDEZ,0424-2065646/ 0426-9031283
MAROUKY DELGADO ADRIAN DAVID,4/15/2008,"17,107,296",9,Masculino,CARACAS,T. NEURODESARROLLO,DIANA DELGADO,0412 5507502/0424 1931230
MARQUEZ RANGEL JOSEP DAVID,12/23/2004,"20,322,804",7,Masculino,BARQUISIMETO,ASPERGER?????,ERIKA RANGEL Y CARLOS MARQUEZ,0414-7781104/0424-8050319
MARQUEZ RODRIGUEZ OSWAL ALEXANDER,4/3/2009,"19,891,026",4,Masculino,PTO CABELL,AUTISMO MODERADO,BETSY RODRIGUEZ,0426-4139543/0412-8127611/0212-4331153
MARTINEZ ALVIAREZ BRAYAN JOAN,7/11/2005,"15,930,165",11,Masculino,PARAISO,TEA,CARLA ALVIAREZ Y DOUGLAS MARTINEZ,0424-1332925/02124183581
MARTINEZ DIAZ LUIS ALEJANDRO,2/23/2009,"13,395,217",7,Masculino,LA VEGA,ASPERGER LEVE,MARIA DIAZ Y YORGENES MARTINEZ,0412-0232613/0212-5194510
MARTINEZ SALAZAR DIEGO AMADO,4/21/2010,"11,234,503",6,Masculino,MONTALBAN,TEA,YULILAY SALAZAR Y EDGAR MARTINEZ,0412-9906379/0412-7251463
MATA JIMENEZ ROBERT ANDRES,8/23/2007,"12,785,406",5,Masculino,Caracas,T.E.A. SEVERO,ROSA JIMENEZ Y ANTONIO MATA,0412-9906379/0412-7251463
MATA MOREY ESMERALDA DEL VALLE,9/13/2013,"19,346,606",3,Femenino,CUMANA,TEA LEVE,MARIANGEL MOREY Y CARLOS MATA,0412-9560128/0212-8727724
MENDOZA FANEITE CAMILA VALENTINA,4/16/2010,"24,207,565",4,Femenino,Caracas,TEA LEVE,ANNERYS FANEITE Y RANDY MENDOZA,0416-7140342/0212-6313164
MIRABAL MORALES ALIEYITZ YOSELIN,3/19/2007,"17,440,004",6,Femenino,Caracas,T.E.A. LEVE,YENNI MIRABAL MORALES,0212-3652105OF/0426-8044333/0416-6086381
MIRANDA ORTIZ RAMSES ALEJANDRO,9/9/2006,"16,085,524",9,Masculino,MAGALLANES,TEA LEVE,ANGELICA ORTIZ Y ELOY MIRANDA,0412-0232613/0212-5194510
MIRELES ALVARADO ADRIAN ENRIQUE,6/1/2013,"16,225,528",2,Masculino,SAN MARTIN,TEA LEVE,RAQUEL ALVARADO Y BERNARDO MIRELES,0416-8387101/ 0416-8183332
MIRELES ALVARADO SEBASTIAN ISAAC,1/5/2010,"16,225,528",5,Masculino,SAN MARTIN,ASPERGER EN OBSERVACIÓN,RAQUEL ALVARADO Y BERNARDO MIRELES,0416-8387101/ 0416-8183332
MOCADA HERRERA MORELIA CAMILA,3/23/1999,"27,607,886",17,Femenino,CATIA,TEA MODERADO,MORELIA HERRERA Y JULIO MONCADA,0212-4955743/0424-1062498/0426-2041106
MOLINA BRACAMONTE LISBETH ALEJANDRA,2/11/2013,"14,518,361",3,Femenino,CEMENTERIO,T. DEL DESARROLLO,EDDY BRACAMONTE Y DAVID MOLINA,0414-2627743/0212-3614711/0414-1143363
MOLINA CONTRERAS LUIS FELIPE,9/11/2006,"12,959,258",10,Masculino,PARAISO,ASPERGER,FANNY CONTRERAS Y JOEL MOLINA,0424 1582428 /0212 4327178
MONTILLA DIAZ GIOVANNI JESUS,4/8/2006,"15,587,579",9,Masculino,VALLES DEL TUY,TEA,NORELKIS DIAZ Y GIVANNY MONTILLA,0424-1030589/ 0414-2982774
MORALES GALLARDO ABRAHAM ISAAC,11/27/2007,"12,259,800",4,Masculino,MATURIN,T.E.A. MODERADO A SEVERO,BEATRIZ GALLARDO,0424-2820589/0212-8600738
MORALES GALLARDO EZEQUIEL,5/13/2005,"12,259,800",7,Masculino,MONAGAS,T.E.A. LEVE A MODERADO,BEATRIZ GALLARDO Y ARCENIO MORALES,0273-8712837/0414-2237256/04164769105
MORALES REQUENA JESUS ALEJANDRO,9/26/2005,"14,906,179",7,Masculino,Caracas,AUTISMO MODERADO,YELITZA REQUENA,0212-3106513/0424-1150100
MORALES RIVERO SAMUEL DAVID,4/15/1997,"9,493,965",19,Masculino,Caracas,ASPERGER,YELIZ RIVERO Y DAVID MORALES,0414-3053762/0414-3033928
MORENO MENA JOSBERTH DAVID,7/27/2011,"13,871,876",5,Masculino,CARICUAO,,SUGEY MARTINEZ ABUELA MATERNA,0426-7902216/0424-2223300
MORILLO MANRIQUE ANGEL ANTONIO,5/29/2003,"30,473,552",14,Masculino,EL SILENCIO,S.DE ASPEDER EN OBSEVACION,(TIA) DORA MANRIQUE/ CARMEN MANRIQUE,0416 9196710 0212 9757942 0416 7223729 0416 9865372
MORILLO SANCHEZ ALEJANDRO JOSE,11/23/2009,"11,202,793",3,Masculino,Caracas,T. E.A. LEVE A MODERADO,ANA SANCHEZ Y ALEJANDRO MORILLO,0212-8609331/ 04142623997/0416-7092874
MORLES HERNANDEZ ABIGAIL WILLOMAY,11/28/1983,"16,217,304",31,Femenino,Caracas,EN ESTUDIO,SORAIDA HERNANDEZ Y JESUS MORLE,0212 8600738 0424 2820589
MOTA GARCÍA ALEJANDRA JOSE,10/10/2002,"14,313,250",10,Femenino,BARINAS,DESNUTRICION CON ALERGIA A G Y CASEI,YOBERLIN GARCIA Y ABUELA MIRIAN BENITEZ,0414-2435682/0424-1051593
MUÑOZ BENCOMO ANGEL GABRIEL,6/13/2008,"22,751,162",7,Masculino,LA VEGA,HIPERACTIVIDAD,FRANKLIN MUÑOZ,0416-2013008/0212-5320711/0416-4174082
MUSTIOLA HERNANDEZ MOISES SAMUEL,3/19/2009,"10,530,302",7,Masculino,CATIA,TEA,OLGA HERNANDEZ Y CARLOS MUSTIOLA,0426-3171669/0212-9080792
NARVAEZ QUIROZ DIANA CAROLINA,6/10/2010,"19,140,826",5,Femenino,SAN MARTIN,TEA,CAGNY NARVAEZ,0426-4609509/ 0412-3875086
NAVARRO CAMERO JUAN ANTONIO,1/31/2003,"8,795,365",9,Masculino,Caracas,T.E.A. LEVE... ASPERGER?,ROSA CAMERO Y ANTONIO NAVARRO,0416-4127354/0212-6403732
NAVARRO CAMERO JUAN VICENTE,1/31/2003,"8,795,365",9,Masculino,Caracas,T.E.A LEVE A MODERADO,ROSA CAMERO Y ANTONIO NAVARRO,0212-6814995/ 0416-7291745
NOGUERA IRAZABAL ARTURO VALENTIN,4/28/2010,"14,087,598",5,Masculino,PROPATRIA,S ASPERGER,ARACELIS IRAZABAL Y ORLANDO NOGUERA,0212-4328718/0414-2323006/0412-2048460
OSPEDALES VELASQUEZ GADIEL JOSUÉ,9/25/2007,"12,668,556",6,Masculino,Caracas,T.E.A. LEVE DE BUEN NIVEL DE FUNCIONAM,INGRID VELASQUEZ Y FRANCISCO OSPEDALES,0416-7144888/0416-7230437
OSUNA PAZ JORGE ANDRUS,9/1/2009,"12,641,618",7,Masculino,23 D ENERO,TEA ,MARIA PAZ Y ALEXANDER OSUNA,0426-6045589
PABON JIMENEZ VICTORIA ANAEL,1/28/2010,"17,388,351",3,Femenino,Caracas,T.E.A. LEVE A MODERADO,NOELIS JIMENEZ Y LEONARDO PADRON,0416-2006033/0416-6507273/0239-3659710
PACHECO SILVA DANILO ALBERTO,8/11/2011,"10,454,705",4,Masculino,CATIA,TEA LEVE,RUTH SILVA Y DELIMIRO PACHECO,0416-2006033/0416-6507273/0239-3659710
PADILLA GARCIA SEBASTIAN ANDRES,10/18/1999,"6,853,562",12,Masculino,Caracas,T.E.A. LEVE... ASPERGER?,BRIGITT GARCIA,0212-8581894/ 0426-2882683/0416-6302523
PALACIOS AVILA AVELARDY ASELORDY,2/20/2009,"10,872,421",8,Masculino,CAUCAGUA,T.HIPERATIVIDAD,INGRID AVILA ,0426 485 6853/ 0416 311 5584
PALMA CAMACHO ZADQUIEL ALEXANDER,11/22/1996,"25,215,368",20,Masculino,CARICUAO,TEA,SONIA CAMACHO,0212-4722307/0424-4651572
PANTOJA PIÑATE MICHEL YURUANI,4/9/1993,"11,041,940",22,Femenino,STA LUCIA DEL TUY,S ASPERGER,MAURA PIÑATE Y LUIS PANTOJA,0412-9592055
PELUFFO MAESTRE ADRIAN JOSE,2/10/2005,"5,122,826",7,Masculino,Caracas,T. ESPECTRO AUTISTA,ABUELA LIVIA GONZALEZ,0414-1740582/0212-4765051
PERALTA CARRASCO ALBA VERONICA,1/22/2004,"13,952,644",13,Masculino,MAGALLANES,T.E.A.,IRIS CARRASCO Y ELIANDRO PERALTA,0212 872 5763/ 0414 902 17 29
PEREZ ARANGO LEONARDO DAVID,12/20/2007,"12,975,081",6,Masculino,Caracas,AUTISMO SEVERO,MARY ARANGO Y LUIS PEREZ,0212-5629092/0414-3022501
PEREZ ARANGO LUIS FABIAN,3/5/2012,"12,975,081",2,Masculino,Caracas,TEA MODERADO,MARY ARANGO Y LUIS PEREZ,0212-8721008/ 0416-7089140
PEREZ DURAN RANNDY ALFONSO,4/11/2007,"12,833,391",5,Masculino,Caracas,POSIBLE ASPERGER,ROSA DURAN Y WUILIAN PEREZ,0212-7147616/ 0414-2507986/0424-1961628
PEREZ TORRES ALEJANDRO RENE,12/7/2001,"10,818,749",14,Masculino,LOS TEQUES,T.E.A.,YRUBI TORRES Y RENE PEREZ,0426-6876564/0212-8330863
PEREZ TRIBIÑO DARLENE CHIQUINQUIRA ,9/27/2001,"12,711,955",15,Femenino,CATIA,T.E.A.,INGRIBID TRIBIÑO Y DARWIN PEREZ,0416 5299078/02128722755
PEREZ TRIBIÑO EREVAN GABRIEL,2/3/2006,"12,711,955",11,Masculino,CATIA,,INGRIBID TRIBIÑO Y DARWIN PEREZ,0416 529 9078/0212 8722755
PESTANA MONTERO EDUARDO JOSE,9/29/2005,"11,865,461",10,Masculino,BELLA VISTA,ASPERGER,MARGARITA MONTERO Y GRACIANO PESTANA,0412-5841199/0426-9277659/0212-2177284
PINO PALERMO REBEKAH JAEL,4/29/2000,"11,071,405",16,Femenino,AV FUERZAS ARMA,S. ASPERGER,MARIBEL PALERMO,0414-2346422
PIÑATE BARRIOS VICTOR DAVID,11/26/2013,"20,328,064",3,Masculino,LA PASTORA,,RAIZA BARRIOS Y JHONATAN PIÑATES,0412-6042158/0424-2524730
PIRELA LOPEZ SERGIO ABRAHAM,12/1/2011,"11,197,043",5,Masculino,LA VEGA,TEA LEVE,CARMEN LOPEZ,0414-1740582/0212-4765051
PITA PICO ELIANYELI DEL VALLE,9/8/2008,"15,613,478",4,Femenino,Caracas,S. AUTISTA LEVE,CAROLINA PICO Y PEDRO PITA,0416-0114266/0416-8208459ABUELA GISELA
PLATA RAMIREZ DAVID RAFAEL,11/15/2007,"13,737,409",5,Masculino,Caracas,T. E.A. LEVE,WENDY RAMIREZ,0212-8784020/0414-1228192/0416-8231306
PRADA MEDINA SEBASTIAN MOISES,5/10/2012,"21,090,068",5,Masculino,COCHE,EN ESTUDIO,BETANIA PRADA,0212-6818022/04122092698
QUINTERO DELGADO GABRIEL ABRAHAM,6/13/2008,"13,572,472",4,Masculino,Caracas,T. E.A. LEVE,NINOSKA DELGADO Y LUIS QUINTERO,0212-8883865/ 0416-9961450
QUINTERO ROSALES KEVIN SAMUEL,5/11/2005,"15,588,438",8,Masculino,Caracas,S. ASPERGER,MARBERICA ROSALES,0212-2570208/ 0412-3601322/0426-5178971
RAMIREZ DIAZ MELHAY NATHALY,9/27/2001,"22,751,275",12,Masculino,CARACAS,S. ASPERGER,SANDRA DIAZ Y DEIBY RAMIREZ,0212-4224212/0424-1215117
RAMIREZ SALAS ALEXANDER JOSÉ,1/9/2011,"11,796,071",3,Masculino,Caracas,TEA,ANIS SALAS Y JAVIER RAMIREZ,0416-6552871/0212-6611160
RANGEL ARELLANO WLADEK ANTUA,3/22/2009,"16,742,635",7,Masculino,PROPATRIA,TEA,MAIRA ARELLANO,0416-4133791/0416-9268619
RANGEL RIVAS ADAILYN,5/14/2007,"16,870,836",5,Femenino,Caracas,T.E.A. MODERADO,GRISVAN RIVAS Y ENRIQUE RANGEL,0426 634 99 98
REYES ARCIA XAVIER EDUARDO,1/6/2013,"16,114,678",4,Masculino,SAN MARTIN,T.E.A. EN OBSERVACION,PASCULA ARCIA,0414-3346530
RINCON AVILAN YELITZA LISETT,5/2/2006,"17,075,808",7,Femenino,Caracas,AUTISMO MODERADO,CHERLY AVILAN,0416-9222311
RIOS RON MARÍA FERNANDA,3/23/2008,"16,380,453",5,Femenino,Caracas,T. E.A. LEVE A MODERADO,YURIDIA RON,0212-8784020/0414-2365118
ROA LEON RIGEL JOSE,5/5/1992,"6,341,843",20,Masculino,Caracas,T.E.A. MODERADO A SEVERO,YATZY LEON,0416-8101120/0212-6711730/0426-5534600
ROBALINO CUELLAR LUCIANO ALFONSO,5/5/2006,"20,026,851",6,Masculino,Caracas,ASPERGER,DIVA CUELLAR Y ALFONSO ROBALINO,0412-5724481/0212-3165335/0412-5581928
RODRIGUEZ CONDE WUILLIAM GUSTAVO,2/27/2009,"15,322,227",8,Masculino,JUNQUITO,TEA,HIDALIA CONDE,0416-5328782/0212-4226745
RODRIGUEZ CONTRERAS JESUS MANUEL,12/29/1993,"5,976,309",20,Masculino,Caracas,S ASPERGER,ALBA CONTRERAS Y ARMANDO RODRIGUEZ,0212-4224212/0424-1215117/04127029991
RODRIGUEZ MONCADA ASHLEY GABRIELA,11/1/2014,"19,351,156",3,Femenino,ANTIMANO,,KARINA MONCADA Y JHONATAN RODRIGUEZ,0416 200 4139/ 0412 3043169
RODRÍGUEZ NAVARRO CARLOS,11/8/1979,"14,938,286",33,Masculino,Caracas,SINDROME ASPERGER,SONIA NAVARRO Y MIGUEL RODRIGUEZ,0424-2772878/0212-8787610/0414-3664543
RODRIGUEZ QUINTERO FABIAN MAIKOL,6/30/2011,"16,474,551",5,Masculino,EL JUNQUITO,T.E.A,CAROLINA QUINTERO / ERICK RODIGUEZ,0426-4187372/0212-4514541OF
RODRIGUEZ YANEZ ADRIAN HORACIO,9/21/2009,"12,403,939",8,Masculino,ANTIMANO,TEA,ZULEIMA YANEZ,0412-9779591
ROMERO LOPEZ ANTONY DANIEL,2/6/2008,"10,948,851",5,Masculino,Caracas,T. E.A. LEVE POSIBLE ASPERGER,MARIA LOPEZ Y JOSE ROMERO,0414-2404087/0414-0121106
ROMERO MEJIAS JOSEPH ABRAHAM,3/23/2008,"15,604,778",6,Masculino,LAS ADJUNTAS,,ISABEL MEJIAS Y WILLIAM ROMERO,0414-9029535/0416-8629745/0212-4277424
ROMERO RUMBOS GENARO RAFAEL,8/20/2009,"12,955,654",6,Masculino,ANTIMANO,HIPERACTIVIDAD/T CONDUCTA,SANDRA RUMBOS Y RAFAEL ROMERO,0416-4113121/0212-8631693
RONDON ARIAS RAUL LEONARDO,6/23/2005,"14,761,158",7,Masculino,BOLIVAR,AUTISMO MODERADO,MAGLIS ARIAS Y DAVID RONDON,0416-5310107/0416-4243344/0416-4258565
ROSAL GUZMAN IRENE,3/17/1978,"14,429,749",34,Femenino,CARACAS,ASPERGER,IRENE GUZMAN Y PEDRO ROSAL,0414-3956600/0283-2419501
ROSALES GARRIDO ESTEBAN MANUEL,11/10/2010,"11,942,029",2,Masculino,Caracas,AUTISMO LEVE,LISETH GARRIDO Y JOSE ROSALES,0424-2337590/0212-2270746
ROSARIO BLANDIN ATRELLU JESUS,7/31/2004,"13,801,678",10,Masculino,Caracas,TEA POSIBLE ASPERGER,NAMARY BLANDIN Y HEBERT ROSARIO,0414-2532292/0414-1163657
RUDAS MEDINA GISELLE,4/16/2005,"16,224,962",7,Femenino,Caracas,ASPERGER,YOSELIN MEDINA Y ABUELA NANCI FIGUERA,0414-2158916/0212-43212390424-127
RUIZ CARVAJAL SEBASTIAN RAMSES,2/15/2006,"15,837,692",9,Masculino,CATIA,TEA,CANDIDA CARVAJAL Y JUAN RUIZ,0416-4203762/0414-2234069/0212-5376968
RUIZ MORA CARIBAY LIAMAR,12/28/2012,"10,511,614",4,Femenino,COCHE,T.E.A.,WILMARY MORA Y TIUNA RUIZ,0424-1985773/0424-1295700
SAGUEZ DIAZ ANGEL JESUS,7/6/2010,"9,972,259",4,Masculino,Caracas,HIPERACTIVIDAD,KATIUZCA SAGUEZ Y ASDRUBAL VALLADARES,0212-4337650/4314576/ 0412-0272581
SALAZAR LOZADA CHRISTIAM MANUEL,8/26/2008,"13,629,450",7,Masculino,RUIZ PINEDA,EN ESTUDIO,MARIA SALAZAR LOZADA,0414-1971630/0416-6309302
SALAZAR MONTERO MOISES JOSUE,9/24/2008,"7,949,801",4,Masculino,Caracas,T. GENERALIZADO DEL DESARROLLO,DILIAN MONTERO Y JAIRO SALAZAR,0426-2504097/0414-2146317/0212-6727704
SALAZAR SALAZAR JOSMEL RAUL,11/28/2000,"9,996,938",12,Masculino,Caracas,T.E.A./R. MENTAL/EPILEPSIA GENER,MARIELEN SALAZAR Y ABUELA JOSEFINA,0212-3232678/ 0414-2268099
SALCEDO CERVANTE ELIAM DAVID,12/8/2000,"24,721,754",14,Masculino,BARUTA,,DELCY CERVANTES Y FELIX SALCEDO,0424-2581403/ 04242602059
SALPETIER SOTILLO JULIO CESAR,6/15/2009,"17,871,205",5,Masculino,ANZOATEGUI,HIPERACTIVIDAD,MARIÉ SOTILLO Y OSCAR SALPIETER,0212-4823972/0416-7028039
SERRANO VILLALBA VERUZKA MILENA,6/19/2009,"24,529,051",5,Femenino,Caracas,TEA,ROSA VILLALBA Y ROBERT SERRANO,0234-5116654/ 0426-1269308
SIVIRA PANTOJA GABRIEL ENRIQUE,12/28/1994,"10,065,641",20,Masculino,GUATIRE,S. ASPERGER,ZULLY PANTOJA Y HENRY VERAMENDEZ,0424-3779009/ 0416-1539538
SUAREZ ARRIATA FABIANA ELIZABETH,6/19/2003,"6,346,869",13,Femenino,CARICUAO,EN ESTUDIO,liliana arratia,0212-9150103/0414-2783967/0424-2142926
SUAREZ RUIZ PABLO JHONAS,9/7/2010,"14,711,933",2,Masculino,BARINAS,AUTISMO MODERADO,IRIS RUIZ Y ROBINSON SUAREZ,0416-8048566/0424-8044602
SUMOZA ANDREA CAROLINA,6/18/2008,"21,119,047",8,Femenino,LOS TEQUES,,LORENA SUMOZA,0416-7351319/0426-7465441
TERAN TERAN YAURITH AILIN,9/8/2009,"21,160,232",7,Femenino,LAS ADJUNTAS,TEA,YUDITH TERAN Y LUIS TERAN,0212-5726962/0412-2978281
TIRADO DICOTO HECLIANNY,8/18/2007,"16,856,887",5,Femenino,Caracas,T. ESPECTRO AUTISTA,HECTOR TIRADO,0212-5726962
TORO COFFI SABDIEL EZEQUIEL,2/21/2008,"6,796,231",7,Masculino,ANTIMANO,ASPERGER,BELKIS COFFI Y JOSE TORO,0212-4817751/0416-0183740
TORREALBA PRIETO SIMON ARMANDO,12/21/2006,"15,149,560",9,Masculino,LOS VALLES DEL TUY,,AMMETTE PRIETO Y SIMON TORREALBA, 0414-2880054/04129281208
TOVAR PULIDO GABRIEL FRANCISCO,2/4/2008,"14,033,735",8,Masculino,EL VALLE,TEA,HEVE PULIDO,0426-6040120/0212-4923553
TOVAR ROJAS JESUS ORLANDO,5/10/1996,"8,773,720",16,Masculino,Caracas,T. E.A. LEVE,BEATRIZ ROJAS Y ORLANDO TOVAR,0426-4090798/0416-8387154/0212-4611971
TOVAR SANCHEZ ENYERBER ALEXANDER,4/20/2011,"22,015,178",6,Masculino,EL VALLE,,HELEN SANCHEZ,0414 1417453/ 0414 1601086
TRUJILLO RODRIGUEZ JHOANDER JONAY,8/12/2014,"22,915,100",2,Masculino,CARICUAO,,SOLMARABELLY Y SIMON TRUJILLO,0416 827 39 59 / 0212 613 31 01
UREÑA PARRA VALENTIN ANDRES,1/21/2010,"17,428,781",7,Masculino,LAS MAYAS,T. DEL DESARROLLO,REINA PARRA/ CHARLS UREÑA,0416 4284823
UZCÁTEGUI VILLASANA DAVID ALEJANDRO,8/25/1998,"10,502,935",14,Masculino,Caracas,T.D.H.A,SONIA VILLASANA,0416 917 46 36 / 0412 616 5290
VALDERRAMA URBINA YEIKER JOSE,7/25/2008,"20,328,655",5,Masculino,Caracas,AUTISMO DE MODERADO A SEVERO,YINEZCA URBINA,0416 517 8144/ 0412 028 5696
VALERA ASCANIO AARON ANDRES,9/7/2012,"11,119,056",5,Masculino,CALABOZO,,BELKIS ASCANIO ALBERTO VARELA,04144926489 04144595439
VASQUES PEREZ CARLOS MANUEL,7/12/2008,"13,472,946",8,Masculino,EL CEMENTERIO,T.E.A LEVE,JOSELIN PEREZ Y CARLOS VASQUEZ,0426 312 5545/ 0416 7253403/0212 6318169
VEGA SERRANO AARON SEBASTIAN,11/21/2007,"13,845,609",5,Masculino,Caracas,ASPERGER,YUSMERY SERRANO Y OSCAR VEGA,0414 128 58 05/ 0424 108 8268
VELASQUEZ PIÑANGO KATIUSKA VALENTINA,12/24/2010,"23,965,790",3,Femenino,GUARICO,T.E.A.,YESICA PIÑANGO Y JOSE VELASQUEZ,0414 107 11 45 / 0424 201 6107
VELAZQEUEZ CEPEDA ANDRES ALJANDRO,11/7/2009,"18,810,899",3,Masculino,Caracas,T. E.A. LEVE,KATERINE CEPEDA Y RONNI VELAZQUEZ,0212 433 94 60 / 0416 807 6484
VIELMA RAMIREZ MARIA JOSE,11/29/1999,"27,782,649",16,Femenino,MERIDA,SINDROME ASPERGER,MAYRA RAMIREZ,0414 030 3556 / 0212 4337760
VILLEGAS IBARRA VICTOR RAUL,11/21/2007,"12,297,661",7,Masculino,JUNQUITO,S. ASPERGER,MORAIMA IBARRA Y JUAN VILLEGAS,0424 106 89 90/ 0424 128 39 39
WALDO ALBORNOZ KENYA PAOLA,3/14/1991,"19,499,893",24,Femenino,CANDELARIA,ASPERGER,LILIAN ALBORNOZ Y WALTER WALDO,0212 639 54 74 / 0414 182 60 70 
WALDO WALTER,10/12/1960,"6,041,350",55,Masculino,CANDELARIA,ASPERGER,,0414 141 74 53 / 0414 160 10 86 
WOOD MARCANO BARBARA SALOME,6/9/2010,"13,136,449",3,Femenino,Caracas,AUTISMO MODERADO,IVETT MARCANO,0212 745 57 81 / 0424 271 53 72
YANEZ BUSTAMANTE ELVER,4/27/2006,"16,287,691",9,Masculino,Caracas,T. E.A. LEVE,YERITZA BUSTAMANTE Y ERNESTO YANEZ,0424 252 47 30 / 0412 604 21 58
YANEZ RIOS YORDANIS ISMAEL,5/6/2004,"10,538,819",10,Masculino,Caracas,TEA BUEN NIVEL DE FUNCIONAMIENTO,YOLA RIOS Y JHONNY YANEZ,0212 432 11 81 /0426 840 10 51/ 0412 015 4502
YEPEZ TORRES SANTIAGO ALEJANDRO,7/6/2007,"16,017,038",8,Masculino,AV SAN MARTIN,T.D.H.A,ELAINE TORRES Y CESAR YEPEZ,0414 230 6556
ZAMBRANO MEDINA DYAM EDUARDO,10/26/2004,"11,926,273",9,Masculino,CARACAS,T.E.A. MODERADO,DAYAN MEDINA Y MOISES ZAMBRANO,0424 162 16 29/ 0414 2714514
